{"min": 52.390380859375, "max": 108.51054382324219, "window": 64}